Gender,Age,Smoker,HowLong,Cigarettes,Height,Waist,Hips,Weight
F,22,no,0,0,147.0,57.0,76.0,48.0
F,63,no,0,0,152.0,87.5,112.5,75.0
F,60,yes,42,20,173.0,77.5,72.5,60.0
F,29,no,0,0,160.0,,82.0,55.0
F,55,no,0,0,167.0,93.0,114.0,82.0
M,23,no,0,0,193.0,81.0,92.0,83.0
M,18,no,0,0,183.0,78.0,87.0,67.0
M,41,no,0,0,175.0,85.0,85.0,80.0
M,48,yes,30,5,167.0,150.0,130.0,103.0
M,39,no,0,0,172.0,97.5,100.0,75.0
M,17,no,0,0,178.0,80.0,80.0,68.0
F,40,no,0,0,165.0,,90.0,72.0
F,40,no,0,0,165.0,95.0,90.0,72.0
M,37,no,0,0,192.0,,87.0,107.0
M,18,yes,2,9,172.0,79.0,87.0,69.0
M,21,yes,8,10,176.0,89.0,96.0,82.0
M,29,yes,16,10,182.0,97.0,93.0,85.0
F,33,yes,10,6,152.0,71.0,98.0,57.0
F,23,yes,7,15,173.0,90.0,100.0,80.0
F,17,no,0,0,165.0,75.0,82.5,60.0
F,18,no,0,0,161.0,86.5,98.6,72.0
F,19,yes,6,30,170.0,79.0,90.0,60.0
M,24,yes,5,10,184.0,124.0,131.0,120.0
M,20,no,0,0,181.0,88.0,94.0,74.0
F,18,yes,4,1,150.0,69.0,83.0,44.0
M,23,no,0,0,193.0,81.0,92.0,83.0
F,63,no,0,0,152.0,87.5,112.5,75.0
M,57,yes,38,7,150.0,84.0,87.0,58.0
M,17,no,0,0,179.0,78.0,90.0,65.0
M,63,no,0,0,178.0,97.5,105.0,87.0
M,39,yes,15,12,176.0,,92.0,80.0
F,31,no,0,0,162.0,68.0,84.0,57.0
M,17,yes,3,11,185.0,76.0,90.0,79.5
M,21,yes,8,10,176.0,89.0,96.0,82.0
M,18,yes,2,9,172.0,79.0,87.0,69.0
M,18,no,0,0,182.0,84.0,92.0,72.0
M,24,yes,5,10,184.0,124.0,131.0,120.0
M,61,no,0,0,187.5,105.0,87.5,95.0
F,17,no,0,0,165.0,75.0,82.5,60.0
M,31,yes,5,5,185.0,100.0,103.0,85.0
M,19,no,0,0,178.0,81.0,90.0,72.0
F,35,yes,28,15,175.0,70.0,80.0,65.0
M,33,yes,18,15,188.0,97.0,98.0,93.0
M,31,yes,5,5,185.0,100.0,103.0,85.0
F,18,no,0,0,158.0,63.0,65.0,58.0
F,31,no,0,0,173.0,66.0,86.0,52.0
M,18,no,0,0,183.0,78.0,87.0,67.0
M,63,no,0,0,178.0,97.5,105.0,87.0
F,23,no,0,0,168.0,80.0,100.0,80.0
M,21,yes,7,5,178.0,75.0,86.0,66.0
F,27,no,0,0,147.0,57.0,76.0,48.0
F,55,no,0,0,167.0,93.0,114.0,82.0
M,29,yes,16,10,182.0,97.0,93.0,85.0
F,42,no,0,0,158.0,,85.0,58.0
M,18,no,0,0,180.0,70.0,90.0,59.5
M,19,no,0,0,178.0,81.0,90.0,72.0
M,41,no,0,0,175.0,85.0,85.0,80.0
M,18,no,0,0,160.0,75.0,76.0,69.0
F,18,no,0,0,161.0,86.5,98.6,72.0
M,21,no,0,0,186.0,72.0,72.0,72.0
F,36,no,0,0,160.0,73.0,97.0,67.0
M,27,yes,9,25,185.0,97.5,107.0,92.0
M,61,no,0,0,187.5,105.0,87.5,95.0
M,27,no,0,0,185.0,82.0,84.0,77.0
M,37,no,0,0,192.0,97.0,87.0,107.0
M,45,yes,20,10,178.0,,90.0,78.0
F,23,no,0,0,168.0,80.0,100.0,80.0
F,17,no,0,0,168.0,88.0,115.0,80.0
F,17,no,0,0,153.0,60.0,90.0,55.0
M,47,yes,22,18,174.0,90.0,94.0,82.0
M,27,no,0,0,185.0,82.0,84.0,77.0
M,21,no,0,0,186.0,72.0,72.0,72.0
F,30,no,0,0,160.0,110.0,120.0,85.0
M,17,yes,3,11,185.0,76.0,90.0,79.5
M,52,yes,30,4,180.0,,95.0,85.0
M,27,yes,9,25,185.0,97.5,107.0,92.0
F,17,no,0,0,167.0,83.0,103.0,78.0
M,73,no,0,0,163.0,78.0,80.0,88.0
F,60,yes,42,20,173.0,77.5,72.5,60.0
M,22,yes,6,5,181.0,100.0,103.0,85.0
M,39,no,0,0,172.0,97.5,100.0,75.0
F,17,no,0,0,160.0,80.0,88.0,54.0
F,29,yes,10,15,168.0,77.0,89.0,58.0
M,45,yes,28,5,178.0,85.0,81.0,84.0
M,18,no,0,0,182.0,84.0,92.0,72.0
M,17,no,0,0,165.0,63.0,65.0,75.0
F,18,yes,4,1,150.0,69.0,83.0,44.0
M,20,no,0,0,181.0,88.0,94.0,74.0
F,20,no,0,0,183.0,80.0,89.0,65.0
F,40,no,0,0,165.0,95.0,90.0,72.0
M,21,yes,7,5,178.0,75.0,86.0,66.0
F,49,no,0,0,165.0,110.0,115.0,85.0
M,37,no,0,0,192.0,97.0,87.0,107.0
M,17,no,0,0,179.0,78.0,90.0,65.0
M,22,yes,6,5,181.0,100.0,103.0,85.0
F,35,yes,28,15,175.0,70.0,80.0,65.0
M,19,no,0,0,186.0,80.0,85.0,76.0
M,50,yes,25,20,182.0,,96.0,88.0
F,68,no,0,0,155.0,85.0,90.0,70.0
M,22,no,0,0,184.0,78.0,96.0,95.0
F,33,no,0,0,168.0,,88.0,62.0
F,35,yes,28,15,175.0,,80.0,65.0
F,21,yes,8,25,161.0,92.0,103.0,86.0
F,29,yes,10,15,168.0,77.0,89.0,58.0
M,19,no,0,0,186.0,80.0,85.0,76.0
F,62,yes,30,4,153.0,80.0,99.0,76.0
F,18,no,0,0,165.0,80.0,100.0,73.0
F,29,yes,13,8,157.0,67.0,85.0,47.0
M,17,no,0,0,177.0,102.0,106.5,86.0
F,29,yes,13,8,157.0,67.0,85.0,47.0
M,18,no,0,0,152.0,60.0,58.0,50.0
